[
  {
    "icon": "fa fa-home",
    "slug": "external",
    "title": "Volver al inicio",
    "path": "index.html"
  },
  {
    "id": 1,
    "icon": "fa fa-file-text",
    "slug": "estadistica",
    "title": "1. Estadística descriptiva",
    "breadcrumb": ["Inicio","estadistica"],
    "path": "pages/1-tema.html",
    "submenu": [
      {
        "icon": "fa fa-file-text",
        "slug": "estadistica",
        "title": "1.1 Conceptos básicos de estadística",
        "anchor": "conceptos"
      },
      {
        "icon": "fa fa-file-text",
        "slug": "estadistica",
        "title": "1.2 Tabla de frecuencias",
        "anchor": "tabla"
      },
      {
        "icon": "fa fa-file-text",
        "slug": "estadistica",
        "title": "1.3 Elaboración de gráficos",
        "anchor": "elaboracion"
      },
      {
        "icon": "fa fa-file-text",
        "slug": "estadistica",
        "title": "1.4 Medidas de tendencia central",
        "anchor": "medidas"
      },
      {
        "icon": "fa fa-file-text",
        "slug": "estadistica",
        "title": "1.5 Estadística analítica o inductiva",
        "anchor": "estadisticas"
      },
      {
        "icon": "fa fa-file-text",
        "slug": "estadistica",
        "title": "1.6 Variables estadísticas",
        "anchor": "variables"
      }
    ]
  },
  {
    "id": 2,
    "icon": "fa fa-file-text",
    "slug": "sistema",
    "title": "2. Sistema de unidades",
    "breadcrumb": ["Inicio","sistema"],
    "path": "pages/2-tema.html",
    "submenu": [
      {
        "icon": "fa fa-file-text",
        "slug": "sistema",
        "title": "2.1 Sistema internacional de unidades",
        "anchor": "sistema1"
      },
      {
        "icon": "fa fa-file-text",
        "slug": "sistema",
        "title": "2.2 Sistema de unidades inglés",
        "anchor": "sistema2"
      }
    ]
  }
]