[
  {
    "icon": "fa fa-home",
    "slug": "external",
    "title": "Volver al inicio",
    "path": "index.html"
  },  
  {
    "id": 1,
    "icon": "fa fa-play-circle",
    "slug": "produccion_textos",
    "title": "1. Producción de textos",    
    "path": "pages/tema-1.html",
    "submenu": [       
      {
        "icon": "fa fa-file-text",
        "slug": "produccion_textos",
        "title": "1.1 Características del texto",
        "anchor": "tema1_1"
      },  
      {
        "icon": "fa fa-file-text",
        "slug": "produccion_textos",
        "title": "1.2 Tipos de textos - análisis literario",
        "anchor": "tema1_2"
      }, 
      {
        "icon": "fa fa-play-circle",
        "slug": "produccion_textos",
        "title": "1.3 Importancia y utilización de los signos de puntuación",
        "anchor": "tema1_3"
      },
      {
        "icon": "fa fa-file-text",
        "slug": "produccion_textos",
        "title": "1.4 Concepto de párrafo, tipos de párrafo y formas para estructurar párrafos",
        "anchor": "tema1_4"
      },
      {
        "icon": "fa fa-file-text",
        "slug": "produccion_textos",
        "title": "1.5 Técnicas de redacción",
        "anchor": "tema1_5"
      },
      {
        "icon": "fa fa-file-text",
        "slug": "produccion_textos",
        "title": "1.6 Conociendo las normas APA de manera sencilla",
        "anchor": "tema1_6"
      }
    ]    
  },
  {
    "id": 2,
    "icon": "fa fa-file-text",
    "slug": "comunicacion_digital",
    "title": "2. Comunicación digital actual",    
    "path": "pages/tema-2.html",
    "submenu": [       
      {
        "icon": "fa fa-file-text",
        "slug": "comunicacion_digital",
        "title": "2.1 Utilización de aplicaciones digitales",
        "anchor": "tema2_1"
      },      
      {
        "icon": "fa fa-file-text",
        "slug": "comunicacion_digital",
        "title": "2.2 Netiqueta",
        "anchor": "tema2_2"
      }
    ]   
  }  
]